File Name,Input Field Name,Type & Description,Required Field,Data Type,Allow blanks?,Default,Valid value range,SecMod?,BackEndTableName,Back End DB Field Name
Acc; Loc,PortNumber,Portfolio number,R,varchar(20),NO,n/a,,,Portfolios,
Acc,PortName,Portfolio name,O,varchar(40),YES,n/a,,,Portfolios,
Acc,PortNotes,"Portfolio notes, longer description than allowed in portfolio name",O,varchar(200),YES,n/a,,,Portfolios,
Acc; Loc,AccNumber,Account number,R,nvarchar(40),NO,n/a,,,Accounts,
Acc,AccName,Account name,O,nvarchar(100),YES,n/a,,,Accounts,
Acc,AccGroup,"Account group, could use to group multiple accounts (e.g. for binders)",O,varchar(40),YES,n/a,,,Accounts,
Acc,AccStatus,"Account status. Aside from predefined values, you can use other single character values for user specific purposes",O,char(1),YES,n/a,,,Accounts,
Acc,ExpiringAccNumber,Expiring account number,O,nvarchar(40),YES,n/a,,,Accounts,
Acc,CedantName,Cedant name (defined at account level),O,varchar(40),YES,n/a,,,Cedants,
Acc,AccCurrency,Account currency,R,char(3),NO,n/a,,,Accounts; Policies; Conditions,Accounts.Currency; Policies.Currency; Conditions.Currency
Acc,AccUserDef1,Account user defined field 1,O,varchar(20),YES,n/a,,,Accounts,
Acc,AccUserDef2,Account user defined field 2,O,varchar(20),YES,n/a,,,Accounts,
Acc,AccUserDef3,Account user defined field 3,O,varchar(20),YES,n/a,,,Accounts,
Acc,AccUserDef4,Account user defined field 4,O,varchar(20),YES,n/a,,,Accounts,
Acc,AccUserDef5,Account user defined field 5,O,varchar(20),YES,n/a,,,Accounts,
Acc,FlexiAccZZZ,Flexible field that is stored in FlexiAcc table in ModifierName = ZZZ,O,varchar(40),YES,n/a,,,FlexiAcc,ModifierName = ZZZ
Acc,AccPeril,Perils for account financial terms,CR,varchar(250),YES,n/a,,,AccountFinancials,PerilCode
Acc,AccDedCode1Building,Account building deductible code,O,tinyint,YES,0,,,AccountFinancials,DedCode
Acc,AccDedType1Building,Account building deductible type,CR,tinyint,YES,0,,,AccountFinancials,DedType
Acc,AccDed1Building,Account building deductible,CR,float,YES,0,"[0,)",,AccountFinancials,Ded
Acc,AccMinDed1Building,Account minimum building deductible,CR,float,YES,0,"[0,)",,AccountFinancials,MinDed
Acc,AccMaxDed1Building,Account maximum building deductible,CR,float,YES,0,"[0,)",,AccountFinancials,MaxDed
Acc,AccDedCode2Other,Account other building deductible code,O,tinyint,YES,0,,,AccountFinancials,DedCode
Acc,AccDedType2Other,Account other building deductible type,CR,tinyint,YES,0,,,AccountFinancials,DedType
Acc,AccDed2Other,Account other building deductible,CR,float,YES,0,"[0,)",,AccountFinancials,Ded
Acc,AccMinDed2Other,Account minimum other building deductible,CR,float,YES,0,"[0,)",,AccountFinancials,MinDed
Acc,AccMaxDed2Other,Account maximum other building deductible,CR,float,YES,0,"[0,)",,AccountFinancials,MaxDed
Acc,AccDedCode3Contents,Account contents deductible code,O,tinyint,YES,0,,,AccountFinancials,DedCode
Acc,AccDedType3Contents,Account contents deductible type,CR,tinyint,YES,0,,,AccountFinancials,DedType
Acc,AccDed3Contents,Account contents deductible,CR,float,YES,0,"[0,)",,AccountFinancials,Ded
Acc,AccMinDed3Contents,Account minimum contents deductible,CR,float,YES,0,"[0,)",,AccountFinancials,MinDed
Acc,AccMaxDed3Contents,Account maximum contents deductible,CR,float,YES,0,"[0,)",,AccountFinancials,MaxDed
Acc,AccDedCode4BI,Account BI deductible code,O,tinyint,YES,0,,,AccountFinancials,DedCode
Acc,AccDedType4BI,Account BI deductible type,CR,tinyint,YES,0,,,AccountFinancials,DedType
Acc,AccDed4BI,Account BI deductible,CR,float,YES,0,"[0,)",,AccountFinancials,Ded
Acc,AccMinDed4BI,Account minimum BI deductible,CR,float,YES,0,"[0,)",,AccountFinancials,MinDed
Acc,AccMaxDed4BI,Account maximum BI deductible,CR,float,YES,0,"[0,)",,AccountFinancials,MaxDed
Acc,AccDedCode5PD,Account PD deductible code,O,tinyint,YES,0,,,AccountFinancials,DedCode
Acc,AccDedType5PD,Account PD deductible type,CR,tinyint,YES,0,,,AccountFinancials,DedType
Acc,AccDed5PD,Account PD deductible,CR,float,YES,0,"[0,)",,AccountFinancials,Ded
Acc,AccMinDed5PD,Account minimum PD deductible,CR,float,YES,0,"[0,)",,AccountFinancials,MinDed
Acc,AccMaxDed5PD,Account maximum PD deductible,CR,float,YES,0,"[0,)",,AccountFinancials,MaxDed
Acc,AccDedCode6All,Account blanket deductible code,O,tinyint,YES,0,,,AccountFinancials,DedCode
Acc,AccDedType6All,Account blanket deductible type,CR,tinyint,YES,0,,,AccountFinancials,DedType
Acc,AccDed6All,Account blanket deductible,CR,float,YES,0,"[0,)",,AccountFinancials,Ded
Acc,AccMinDed6All,Account minimum blanket deductible,CR,float,YES,0,"[0,)",,AccountFinancials,MinDed
Acc,AccMaxDed6All,Account maximum blanket deductible,CR,float,YES,0,"[0,)",,AccountFinancials,MaxDed
Acc,AccLimitCode1Building,Account building limit code,O,tinyint,YES,0,,,AccountFinancials,LimitCode
Acc,AccLimitType1Building,Account building limit type,CR,tinyint,YES,0,,,AccountFinancials,LimitType
Acc,AccLimit1Building,Account building limit,CR,float,YES,0,"[0,)",,AccountFinancials,Limit
Acc,AccLimitCode2Other,Account other building limit code,O,tinyint,YES,0,,,AccountFinancials,LimitCode
Acc,AccLimitType2Other,Account other building limit type,CR,tinyint,YES,0,,,AccountFinancials,LimitType
Acc,AccLimit2Other,Account other building limit,CR,float,YES,0,"[0,)",,AccountFinancials,Limit
Acc,AccLimitCode3Contents,Account contents limit code,O,tinyint,YES,0,,,AccountFinancials,LimitCode
Acc,AccLimitType3Contents,Account contents limit type,CR,tinyint,YES,0,,,AccountFinancials,LimitType
Acc,AccLimit3Contents,Account contents limit,CR,float,YES,0,"[0,)",,AccountFinancials,Limit
Acc,AccLimitCode4BI,Account BI limit code,O,tinyint,YES,0,,,AccountFinancials,LimitCode
Acc,AccLimitType4BI,Account BI limit type,CR,tinyint,YES,0,,,AccountFinancials,LimitType
Acc,AccLimit4BI,Account BI limit,CR,float,YES,0,"[0,)",,AccountFinancials,Limit
Acc,AccLimitCode5PD,Account PD limit code,O,tinyint,YES,0,,,AccountFinancials,LimitCode
Acc,AccLimitType5PD,Account PD limit type,CR,tinyint,YES,0,,,AccountFinancials,LimitType
Acc,AccLimit5PD,Account PD limit,CR,float,YES,0,"[0,)",,AccountFinancials,Limit
Acc,AccLimitCode6All,Account blanket limit code,O,tinyint,YES,0,,,AccountFinancials,LimitCode
Acc,AccLimitType6All,Account blanket limit type,CR,tinyint,YES,0,,,AccountFinancials,LimitType
Acc,AccLimit6All,Account blanket limit,CR,float,YES,0,"[0,)",,AccountFinancials,Limit
Acc,PolNumber,Policy layer number,R,varchar(20),NO,n/a,,,Policies,
Acc,PolStatus,"Policy layer status. Aside from predefined values, other single character values for user specific purposes can be used.",O,char(1),YES,n/a,,,Policies,
Acc,PolInceptionDate,Policy inception date - in ISO 8601 format: YYYY-MM-DD,O,smalldatetime,YES,n/a,,,Policies,InceptionDate
Acc,PolExpiryDate,Policy expiry date - in ISO 8601 format: YYYY-MM-DD,O,smalldatetime,YES,n/a,,,Policies,ExpiryDate
Acc,ProducerName,Producer name (defined at policy level),O,varchar(40),YES,n/a,,,Producers,
Acc,Underwriter,Underwriter name,O,varchar(40),YES,n/a,,,Policies,
Acc,BranchName,Branch name,O,varchar(20),YES,n/a,,,Policies,
Acc,LOB,Line of business (defined at policy level),O,varchar(20),YES,n/a,,,LOB,
Acc,ExpiringPolNumber,Expiring policy number,O,varchar(20),YES,n/a,,,Policies,
Acc,PolPerilsCovered,Policy perils covered,R,varchar(250),NO,n/a,,,Policies,PerilsCovered
Acc,PolGrossPremium,Policy gross premium,O,float,YES,0,"[0,)",,Policies,GrossPremium
Acc,PolTax,Policy insurance tax amount,O,float,YES,0,"[0,)",,Policies,Tax
Acc,PolBrokerage,Policy brokerage amount,O,float,YES,0,"[0,)",,Policies,Brokerage
Acc,PolNetPremium,Policy net premium,O,float,YES,0,"[0,)",,Policies,NetPremium
Acc,LayerNumber,Layer number,O,int,YES,1,"[1,)",,Policies,
Acc,LayerParticipation,Insurance company share of the policy layer. Values between 0 to 1 (e.g. 12% entered as 0.12),O,float,YES,1,"[0,1]",,Policies,
Acc,LayerLimit,Policy layer limit (always treated as amount),O,float,YES,0,"[0,)",,Policies,
Acc,LayerAttachment,Policy layer attachment point (always treated as amount),O,float,YES,0,"[0,)",,Policies,
Acc,HoursClause,"For perils with an inherent event duration, the insurance contract may contain an hours clause that limits the time in which claims can be added up and assigned to one event",O,int,YES,n/a,"[0,)",,Policies,
Acc,PolPeril,Perils for policy financial terms,CR,varchar(250),YES,n/a,,,PolicyFinancials; StepFunctions,PolicyFinancials = PerilCode; StepFunctions = PerilCode
Acc,PolDedCode1Building,Policy building deductible code,O,tinyint,YES,0,,,PolicyFinancials,DedCode
Acc,PolDedType1Building,Policy building deductible type,CR,tinyint,YES,0,,,PolicyFinancials,DedType
Acc,PolDed1Building,Policy building deductible,CR,float,YES,0,"[0,)",,PolicyFinancials,Ded
Acc,PolMinDed1Building,Policy minimum building deductible,CR,float,YES,0,"[0,)",,PolicyFinancials,MinDed
Acc,PolMaxDed1Building,Policy maximum building deductible,CR,float,YES,0,"[0,)",,PolicyFinancials,MaxDed
Acc,PolDedCode2Other,Policy other building deductible code,O,tinyint,YES,0,,,PolicyFinancials,DedCode
Acc,PolDedType2Other,Policy other building deductible type,CR,tinyint,YES,0,,,PolicyFinancials,DedType
Acc,PolDed2Other,Policy other building deductible,CR,float,YES,0,"[0,)",,PolicyFinancials,Ded
Acc,PolMinDed2Other,Policy minimum other building deductible,CR,float,YES,0,"[0,)",,PolicyFinancials,MinDed
Acc,PolMaxDed2Other,Policy maximum other building deductible,CR,float,YES,0,"[0,)",,PolicyFinancials,MaxDed
Acc,PolDedCode3Contents,Policy contents deductible code,O,tinyint,YES,0,,,PolicyFinancials,DedCode
Acc,PolDedType3Contents,Policy contents deductible type,CR,tinyint,YES,0,,,PolicyFinancials,DedType
Acc,PolDed3Contents,Policy contents deductible,CR,float,YES,0,"[0,)",,PolicyFinancials,Ded
Acc,PolMinDed3Contents,Policy minimum contents deductible,CR,float,YES,0,"[0,)",,PolicyFinancials,MinDed
Acc,PolMaxDed3Contents,Policy maximum contents deductible,CR,float,YES,0,"[0,)",,PolicyFinancials,MaxDed
Acc,PolDedCode4BI,Policy BI deductible code,O,tinyint,YES,0,,,PolicyFinancials,DedCode
Acc,PolDedType4BI,Policy BI deductible type,CR,tinyint,YES,0,,,PolicyFinancials,DedType
Acc,PolDed4BI,Policy BI deductible,CR,float,YES,0,"[0,)",,PolicyFinancials,Ded
Acc,PolMinDed4BI,Policy minimum BI deductible,CR,float,YES,0,"[0,)",,PolicyFinancials,MinDed
Acc,PolMaxDed4BI,Policy maximum BI deductible,CR,float,YES,0,"[0,)",,PolicyFinancials,MaxDed
Acc,PolDedCode5PD,Policy PD deductible code,O,tinyint,YES,0,,,PolicyFinancials,DedCode
Acc,PolDedType5PD,Policy PD deductible type,CR,tinyint,YES,0,,,PolicyFinancials,DedType
Acc,PolDed5PD,Policy PD deductible,CR,float,YES,0,"[0,)",,PolicyFinancials,Ded
Acc,PolMinDed5PD,Policy minimum PD deductible,CR,float,YES,0,"[0,)",,PolicyFinancials,MinDed
Acc,PolMaxDed5PD,Policy maximum PD deductible,CR,float,YES,0,"[0,)",,PolicyFinancials,MaxDed
Acc,PolDedCode6All,Policy blanket deductible code,O,tinyint,YES,0,,,PolicyFinancials,DedCode
Acc,PolDedType6All,Policy blanket deductible type,CR,tinyint,YES,0,,,PolicyFinancials,DedType
Acc,PolDed6All,Policy blanket deductible,CR,float,YES,0,"[0,)",,PolicyFinancials,Ded
Acc,PolMinDed6All,Policy minimum blanket deductible,CR,float,YES,0,"[0,)",,PolicyFinancials,MinDed
Acc,PolMaxDed6All,Policy maximum blanket deductible,CR,float,YES,0,"[0,)",,PolicyFinancials,MaxDed
Acc,PolLimitCode1Building,Policy building limit code,O,tinyint,YES,0,,,PolicyFinancials,LimitCode
Acc,PolLimitType1Building,Policy building limit type,CR,tinyint,YES,0,,,PolicyFinancials,LimitType
Acc,PolLimit1Building,Policy building limit,CR,float,YES,0,"[0,)",,PolicyFinancials,Limit
Acc,PolLimitCode2Other,Policy other building limit code,O,tinyint,YES,0,,,PolicyFinancials,LimitCode
Acc,PolLimitType2Other,Policy other building limit type,CR,tinyint,YES,0,,,PolicyFinancials,LimitType
Acc,PolLimit2Other,Policy other building limit,CR,float,YES,0,"[0,)",,PolicyFinancials,Limit
Acc,PolLimitCode3Contents,Policy contents limit code,O,tinyint,YES,0,,,PolicyFinancials,LimitCode
Acc,PolLimitType3Contents,Policy contents limit type,CR,tinyint,YES,0,,,PolicyFinancials,LimitType
Acc,PolLimit3Contents,Policy contents limit,CR,float,YES,0,"[0,)",,PolicyFinancials,Limit
Acc,PolLimitCode4BI,Policy BI limit code,O,tinyint,YES,0,,,PolicyFinancials,LimitCode
Acc,PolLimitType4BI,Policy BI limit type,CR,tinyint,YES,0,,,PolicyFinancials,LimitType
Acc,PolLimit4BI,Policy BI limit,CR,float,YES,0,"[0,)",,PolicyFinancials,Limit
Acc,PolLimitCode5PD,Policy PD limit code,O,tinyint,YES,0,,,PolicyFinancials,LimitCode
Acc,PolLimitType5PD,Policy PD limit type,CR,tinyint,YES,0,,,PolicyFinancials,LimitType
Acc,PolLimit5PD,Policy PD limit,CR,float,YES,0,"[0,)",,PolicyFinancials,Limit
Acc,PolLimitCode6All,Policy blanket limit code (annual aggregate only),O,tinyint,YES,0,,,PolicyFinancials,LimitCode
Acc,PolLimitType6All,Policy blanket limit type,CR,tinyint,YES,0,,,PolicyFinancials,LimitType
Acc,PolLimit6All,Policy blanket limit,CR,float,YES,0,"[0,)",,PolicyFinancials,Limit
Acc,StepFunctionName,Step function name,CR,varchar(30),YES,n/a,,,StepFunctions,
Acc,StepTriggerType,"Code that represents how, and for which coverages, pay-outs are triggered.",CR,tinyint,YES,n/a,,,StepFunctions,
Acc,StepNumber,Number between 1 and 10 that is used to sort the step function in the correct order.,CR,tinyint,YES,n/a,"(0,10)",,Steps,
Acc,PayOutType,"Refers to PayoutBuilding, PayoutContents, PayoutBuildingContents. Payout can be % TIV, % Loss, a monetary amount, or % Limit.",CR,tinyint,YES,n/a,,,Steps,PayoutType
Acc,TriggerType,"Refers to TriggerStart and TriggerEnd fields which could be specified as a % TIV, % Loss or a monetary amount.",CR,tinyint,YES,n/a,,,Steps,TriggerType
Acc,TriggerBuildingStart,Starting value of the building damage range over which the corresponding pay-out(s) should be made.,CR,float,YES,0,"[0,)",,Steps,TriggerStart
Acc,TriggerBuildingEnd,Ending value of the building damage range over which the corresponding pay-out(s) should be made.,CR,float,YES,0,"[0,)",,Steps,TriggerEnd
Acc,DeductibleBuilding,"Building deductible that can be used, for example, to account for fire policies before applying step functions.",CR,float,YES,0,"[0,)",,Steps,Deductible
Acc,PayOutBuildingStart,Pay-out amount for the building losses for this step. If a ramp policy then it represents the start payout value.,CR,float,YES,0,"[0,)",,Steps,PayoutStart
Acc,PayOutBuildingEnd,"Pay-out amount for the end-point building losses for this ramp. This field should only be used if you have a ramp policy to indicate the end of the building payout. Otherwise, it should be left blank.",CR,float,YES,0,"[0,)",,Steps,PayoutEnd
Acc,PayOutLimitBuilding,Pay-out limit for building,CR,float,YES,0,"[0,)",,Steps,PayoutLimit
Acc,TriggerContentsStart,Starting value of the content damage range over which the corresponding pay-out(s) should be made.,CR,float,YES,0,"[0,)",,Steps,TriggerStart
Acc,TriggerContentsEnd,Ending value of the content damage range over which the corresponding pay-out(s) should be made.,CR,float,YES,0,"[0,)",,Steps,TriggerEnd
Acc,DeductibleContents,"Content deductible that can be used, for example, to account for fire policies before applying step functions.",CR,float,YES,0,"[0,)",,Steps,Deductible
Acc,PayOutContentsStart,Pay-out amount for the contents losses for this step. If a ramp policy then it represents the start payout value.,CR,float,YES,0,"[0,)",,Steps,PayoutStart
Acc,PayOutContentsEnd,"Pay-out amount for the end-point contents losses for this ramp. This field should only be used if you have a ramp policy to indicate the end of the contents payout. Otherwise, it should be left blank.",CR,float,YES,0,"[0,)",,Steps,PayoutEnd
Acc,PayOutLimitContents,Pay-out limit for contents,CR,float,YES,0,"[0,)",,Steps,PayoutLimit
Acc,TriggerBuildingContentsStart,Starting value of the building and content damage range over which the corresponding pay-out(s) should be made.,CR,float,YES,0,"[0,)",,Steps,TriggerStart
Acc,TriggerBuildingContentsEnd,Ending value of the building and content damage range over which the corresponding pay-out(s) should be made.,CR,float,YES,0,"[0,)",,Steps,TriggerEnd
Acc,DeductibleBuildingContents,"Building and contents deductible that can be used, for example, to account for fire policies before applying step functions.",CR,float,YES,0,"[0,)",,Steps,Deductible
Acc,PayOutBuildingContentsStart,Pay-out amount for the building and contents losses for this step. If a ramp policy then it represents the start payout value.,CR,float,YES,0,"[0,)",,Steps,PayoutStart
Acc,PayOutBuildingContentsEnd,"Pay-out amount for the end-point building and contents losses for this ramp. This field should only be used if you have a ramp policy to indicate the end of the building and contents payout. Otherwise, it should be left blank.",CR,float,YES,0,"[0,)",,Steps,PayoutEnd
Acc,PayOutLimitBuildingContents,Pay-out limit for building and contents,CR,float,YES,0,"[0,)",,Steps,PayoutLimit
Acc,ExtraExpenseFactor,"A factor that is applied to main coverage loss for extra expenses. This value, entered as a decimal, should be the same for all steps for a policy contract and must be a value >0 and ²1. For example, 0.12 for 12%.",CR,float,YES,1,"[0,1]",,Steps,ExtraExpenseFactor
Acc,ExtraExpenseLimit,A limit that applies to the total extra expense loss,CR,float,YES,0,"[0,)",,Steps,ExtraExpenseLimit
Acc,DebrisRemovalFactor,"A factor for a conditional coverage which tends to apply to all steps and is to cover Debris Removal. This value, entered as a decimal, should be the same for all steps for a policy contract and must be a value >0 and ²1. For example, 0.12 for 12%.",CR,float,YES,1,"[0,1]",,Steps,DebrisRemovalFactor
Acc,MinimumTIV,Minimum replacement value for which pay-outs to the corresponding damage range will be allowed.,CR,float,YES,0,"[0,)",,Steps,
Acc,ScaleFactor,"Percentage factor used to scale calculated losses. This value, entered as a decimal, should be the same for all steps for a policy contract and must be a value >0 and ²1. For example, 0.12 for 12%.",CR,float,YES,1,"[0,1]",,Steps,
Acc,IsLimitAtDamage,Indicates whether the pay-out is limited by the actual ground-up loss.,CR,0 or 1,YES,0,,,Steps,
Acc,PolUserDef1,Policy user defined field,O,varchar(20),YES,n/a,,,Policies,
Acc,PolUserDef2,Policy user defined field,O,varchar(20),YES,n/a,,,Policies,
Acc,PolUserDef3,Policy user defined field,O,varchar(20),YES,n/a,,,Policies,
Acc,PolUserDef4,Policy user defined field,O,varchar(20),YES,n/a,,,Policies,
Acc,PolUserDef5,Policy user defined field,O,varchar(20),YES,n/a,,,Policies,
Acc,FlexiPolZZZ,Flexible field that is stored in FlexiPol table in ModifierName = ZZZ,O,varchar(40),YES,n/a,,,FlexiPol,ModifierName = ZZZ
Acc,CondNumber,Condition number (must be the same if condition repeats on several policy layers),CR,int,YES,n/a,"[1,)",,Conditions,
Acc,CondName,Condition name (must be the same if condition repeats on several policy layers). Description that relates to CondNumber.,O,varchar(40),YES,n/a,,,Conditions,
Acc,CondPriority,Condition priority: specifies the order in which special conditions apply if multiple conditions apply to one location.,CR,int,YES,n/a,"[1,)",,LocCond,Priority
Acc,CondPeril,Perils for condition financial terms,CR,varchar(250),YES,n/a,,,ConditionFinancials,PerilCode
Acc,CondDedCode1Building,Special condition building deductible code,O,tinyint,YES,0,,,ConditionFinancials,DedCode
Acc,CondDedType1Building,Special condition building deductible type,CR,tinyint,YES,0,,,ConditionFinancials,DedType
Acc,CondDed1Building,Special condition building deductible,CR,float,YES,0,"[0,)",,ConditionFinancials,Ded
Acc,CondMinDed1Building,Special condition minimum building deductible,CR,float,YES,0,"[0,)",,ConditionFinancials,MinDed
Acc,CondMaxDed1Building,Special condition maximum building deductible,CR,float,YES,0,"[0,)",,ConditionFinancials,MaxDed
Acc,CondDedCode2Other,Special condition other building deductible code,O,tinyint,YES,0,,,ConditionFinancials,DedCode
Acc,CondDedType2Other,Special condition other building deductible type,CR,tinyint,YES,0,,,ConditionFinancials,DedType
Acc,CondDed2Other,Special condition other building deductible,CR,float,YES,0,"[0,)",,ConditionFinancials,Ded
Acc,CondMinDed2Other,Special condition minimum other building deductible,CR,float,YES,0,"[0,)",,ConditionFinancials,MinDed
Acc,CondMaxDed2Other,Special condition maximum other building deductible,CR,float,YES,0,"[0,)",,ConditionFinancials,MaxDed
Acc,CondDedCode3Contents,Special condition contents deductible code,O,tinyint,YES,0,,,ConditionFinancials,DedCode
Acc,CondDedType3Contents,Special condition contents deductible type,CR,tinyint,YES,0,,,ConditionFinancials,DedType
Acc,CondDed3Contents,Special condition contents deductible,CR,float,YES,0,"[0,)",,ConditionFinancials,Ded
Acc,CondMinDed3Contents,Special condition minimum contents deductible,CR,float,YES,0,"[0,)",,ConditionFinancials,MinDed
Acc,CondMaxDed3Contents,Special condition maximum contents deductible,CR,float,YES,0,"[0,)",,ConditionFinancials,MaxDed
Acc,CondDedCode4BI,Special condition BI deductible code,O,tinyint,YES,0,,,ConditionFinancials,DedCode
Acc,CondDedType4BI,Special condition BI deductible type,CR,tinyint,YES,0,,,ConditionFinancials,DedType
Acc,CondDed4BI,Special condition BI deductible,CR,float,YES,0,"[0,)",,ConditionFinancials,Ded
Acc,CondMinDed4BI,Special condition minimum BI deductible,CR,float,YES,0,"[0,)",,ConditionFinancials,MinDed
Acc,CondMaxDed4BI,Special condition maximum BI deductible,CR,float,YES,0,"[0,)",,ConditionFinancials,MaxDed
Acc,CondDedCode5PD,Special condition PD deductible code,O,tinyint,YES,0,,,ConditionFinancials,DedCode
Acc,CondDedType5PD,Special condition PD deductible type,CR,tinyint,YES,0,,,ConditionFinancials,DedType
Acc,CondDed5PD,Special condition PD deductible,CR,float,YES,0,"[0,)",,ConditionFinancials,Ded
Acc,CondMinDed5PD,Special condition minimum PD deductible,CR,float,YES,0,"[0,)",,ConditionFinancials,MinDed
Acc,CondMaxDed5PD,Special condition maximum PD deductible,CR,float,YES,0,"[0,)",,ConditionFinancials,MaxDed
Acc,CondDedCode6All,Special condition blanket deductible code,O,tinyint,YES,0,,,ConditionFinancials,DedCode
Acc,CondDedType6All,Special condition blanket deductible type,CR,tinyint,YES,0,,,ConditionFinancials,DedType
Acc,CondDed6All,Special condition blanket deductible,CR,float,YES,0,"[0,)",,ConditionFinancials,Ded
Acc,CondMinDed6All,Special condition minimum blanket deductible,CR,float,YES,0,"[0,)",,ConditionFinancials,MinDed
Acc,CondMaxDed6All,Special condition maximum blanket deductible,CR,float,YES,0,"[0,)",,ConditionFinancials,MaxDed
Acc,CondLimitCode1Building,Special condition building limit code,O,tinyint,YES,0,,,ConditionFinancials,LimitCode
Acc,CondLimitType1Building,Special condition building limit type,CR,tinyint,YES,0,,,ConditionFinancials,LimitType
Acc,CondLimit1Building,Special condition building limit,CR,float,YES,0,"[0,)",,ConditionFinancials,Limit
Acc,CondLimitCode2Other,Special condition other building limit code,O,tinyint,YES,0,,,ConditionFinancials,LimitCode
Acc,CondLimitType2Other,Special condition other building limit type,CR,tinyint,YES,0,,,ConditionFinancials,LimitType
Acc,CondLimit2Other,Special condition other building limit,CR,float,YES,0,"[0,)",,ConditionFinancials,Limit
Acc,CondLimitCode3Contents,Special condition contents limit code,O,tinyint,YES,0,,,ConditionFinancials,LimitCode
Acc,CondLimitType3Contents,Special condition contents limit type,CR,tinyint,YES,0,,,ConditionFinancials,LimitType
Acc,CondLimit3Contents,Special condition contents limit,CR,float,YES,0,"[0,)",,ConditionFinancials,Limit
Acc,CondLimitCode4BI,Special condition BI limit code,O,tinyint,YES,0,,,ConditionFinancials,LimitCode
Acc,CondLimitType4BI,Special condition BI limit type,CR,tinyint,YES,0,,,ConditionFinancials,LimitType
Acc,CondLimit4BI,Special condition BI limit,CR,float,YES,0,"[0,)",,ConditionFinancials,Limit
Acc,CondLimitCode5PD,Special condition PD limit code,O,tinyint,YES,0,,,ConditionFinancials,LimitCode
Acc,CondLimitType5PD,Special condition PD limit type,CR,tinyint,YES,0,,,ConditionFinancials,LimitType
Acc,CondLimit5PD,Special condition PD limit,CR,float,YES,0,"[0,)",,ConditionFinancials,Limit
Acc,CondLimitCode6All,Special condition blanket limit code,O,tinyint,YES,0,,,ConditionFinancials,LimitCode
Acc,CondLimitType6All,Special condition blanket limit type,CR,tinyint,YES,0,,,ConditionFinancials,LimitType
Acc,CondLimit6All,Special condition blanket limit,CR,float,YES,0,"[0,)",,ConditionFinancials,Limit
Loc,LocNumber,Location number,R,nvarchar(20),NO,n/a,,,Locations,
Loc,LocName,Location name,O,nvarchar(20),YES,n/a,,,Locations,
Loc,LocGroup,Location group name,O,nvarchar(20),YES,n/a,,,Locations,
Loc,CorrelationGroup,Correlation Group: indicates which locations should be correlated between each other in Oasis LMF.,O,int,YES,n/a,"[0,)",,Locations,
Loc,IsPrimary,Whether the location in LocGroup is the primary building in the group,O,0 or 1,YES,1,,,Locations,
Loc,IsTenant,Whether property is occupied by a tenant or not,O,0 or 1,YES,0,,,Locations,
Loc,BuildingID,Unique building identification number,O,varchar(20),YES,n/a,,,Locations,
Loc,LocInceptionDate,Location inception date - in ISO 8601 format: YYYY-MM-DD,O,smalldatetime,YES,n/a,,,Locations,
Loc,LocExpiryDate,Location expiry date - in ISO 8601 format: YYYY-MM-DD,O,smalldatetime,YES,n/a,,,Locations,
Loc,PercentComplete,Completeness percentage of the construction project at this location. The project completion percentage is by the cost of the project. Values between 0 to 1 (e.g. 12% enterd as 0.12),O,decimal,YES,1,"[0,1]",,Locations,
Loc,CompletionDate,Construction project completion date - in ISO 8601 format: YYYY-MM-DD,O,date,YES,n/a,,,Locations,
Loc,CountryCode,Country code (based on ISO3166 alpha-2 codes),R,char(2),NO,n/a,,,Locations,
Loc,Latitude,Latitude in degrees (-90.0 to +90.0),O,decimal,YES,0,"[-90,90]",,Locations,
Loc,Longitude,Longitude in degrees (-180.0 to +180.0),O,decimal,YES,0,"[180,180]",,Locations,
Loc,StreetAddress,Street address including house number ,O,nvarchar(100),YES,n/a,,,Locations,
Loc,PostalCode,Postcode: the highest resolution postcode most often used. (e.g. 5 digit zip for the US).,O,nvarchar(20),YES,n/a,,,Locations,
Loc,City,City,O,nvarchar(50),YES,n/a,,,Locations,
Loc,AreaCode,Code representing typically the largest sub-division in a country (e.g. State code). See AreaCode Values sheet for details.,O,nvarchar(20),YES,n/a,,,Locations,
Loc,AreaName,Name relating to the AreaCode (e.g. State name). See AreaCode Values sheet for details.,O,nvarchar(50),YES,n/a,,,Locations,
Loc,GeogScheme1,"Geography scheme: Descriptor of the geography scheme used in relation to the geography name in the corresponding GeogName field (e.g. PC4). User can specify values in addition to those listed in the GeogScheme values list, but user defined scheme values must start with 'X'.",O,varchar(5),YES,n/a,,,Locations,
Loc,GeogName1,"Geography name: Descriptor of the geographical area, using the scheme referenced in the corresponding GeogScheme field (e.g. SO31)",O,nvarchar(50),YES,n/a,,,Locations,
Loc,GeogScheme2,"Geography scheme: Descriptor of the geography scheme used in relation to the geography name in the corresponding GeogName field (e.g. PC4). User can specify values in addition to those listed in the GeogScheme values list, but user defined scheme values must start with 'X'.",O,varchar(5),YES,n/a,,,Locations,
Loc,GeogName2,"Geography name: Descriptor of the geographical area, using the scheme referenced in the corresponding GeogScheme field (e.g. SO31)",O,nvarchar(50),YES,n/a,,,Locations,
Loc,GeogScheme3,"Geography scheme: Descriptor of the geography scheme used in relation to the geography name in the corresponding GeogName field (e.g. PC4). User can specify values in addition to those listed in the GeogScheme values list, but user defined scheme values must start with 'X'.",O,varchar(5),YES,n/a,,,Locations,
Loc,GeogName3,"Geography name: Descriptor of the geographical area, using the scheme referenced in the corresponding GeogScheme field (e.g. SO31)",O,nvarchar(50),YES,n/a,,,Locations,
Loc,GeogScheme4,"Geography scheme: Descriptor of the geography scheme used in relation to the geography name in the corresponding GeogName field (e.g. PC4). User can specify values in addition to those listed in the GeogScheme values list, but user defined scheme values must start with 'X'.",O,varchar(5),YES,n/a,,,Locations,
Loc,GeogName4,"Geography name: Descriptor of the geographical area, using the scheme referenced in the corresponding GeogScheme field (e.g. SO31)",O,nvarchar(50),YES,n/a,,,Locations,
Loc,GeogScheme5,"Geography scheme: Descriptor of the geography scheme used in relation to the geography name in the corresponding GeogName field (e.g. PC4). User can specify values in addition to those listed in the GeogScheme values list, but user defined scheme values must start with 'X'.",O,varchar(5),YES,n/a,,,Locations,
Loc,GeogName5,"Geography name: Descriptor of the geographical area, using the scheme referenced in the corresponding GeogScheme field (e.g. SO31)",O,nvarchar(50),YES,n/a,,,Locations,
Loc,AddressMatch,Address match from geocoder: indicating the resolution that the latitude / longitude represents,O,tinyint,YES,0,,,Locations,
Loc,GeocodeQuality,Geocode quality (values between 0 and 1 e.g. 80% is entered as 0.8),O,float,YES,n/a,"[0,1]",,Locations,
Loc,Geocoder,Company name / version of geocoder. Free text field.,O,varchar(20),YES,n/a,,,Locations,
Loc,OrgOccupancyScheme,Original occupancy scheme,O,varchar(10),YES,n/a,,,Locations,
Loc,OrgOccupancyCode,Original occupancy code,O,varchar(100),YES,n/a,,,Locations,
Loc,OrgConstructionScheme,Original construction scheme,O,varchar(10),YES,n/a,,,Locations,
Loc,OrgConstructionCode,Original construction code,O,varchar(100),YES,n/a,,,Locations,
Loc,OccupancyCode,OED occupancy code,O,int,YES,1000,,,Locations,
Loc,ConstructionCode,OED construction code,O,int,YES,5000,,,Locations,
Loc,YearBuilt,Year built (4 digit year),O,smallint,YES,0,,,Locations,
Loc,NumberOfStoreys,Number of storeys,O,tinyint,YES,0,,,Locations,
Loc,NumberOfBuildings,Number of buildings,O,int,YES,1,"[1,)",,Locations,
Loc,FloorArea,Floor area: the total area across all floors,O,float,YES,0,"[0,)",,Locations,
Loc,FloorAreaUnit,Units in which FloorArea is specified,O,tinyint,YES,11,,,Locations,
Loc,LocUserDef1,Location user defined field 1,O,varchar(20),YES,n/a,,,Locations,
Loc,LocUserDef2,Location user defined field 2,O,varchar(20),YES,n/a,,,Locations,
Loc,LocUserDef3,Location user defined field 3,O,varchar(20),YES,n/a,,,Locations,
Loc,LocUserDef4,Location user defined field 4,O,varchar(20),YES,n/a,,,Locations,
Loc,LocUserDef5,Location user defined field 5,O,varchar(20),YES,n/a,,,Locations,
Loc,FlexiLocZZZ,Flexible field that is stored in FlexiLoc table in ModifierName = ZZZ,O,varchar(40),YES,n/a,,,FlexiLoc,ModifierName = ZZZ
Loc,LocPerilsCovered,Location perils covered,R,varchar(250),NO,n/a,,,Locations,PerilsCovered
Loc,BuildingTIV,Building Total Insured Value,R,float,NO,n/a,"[0,)",,Locations,
Loc,OtherTIV,"Other Building Insured Value (primarily aimed at specific US policies). For motor exposures, use this field for TIV along with appropriate motor construction code.",R,float,NO,n/a,"[0,)",,Locations,
Loc,ContentsTIV,Contents Total Insured Value,R,float,NO,n/a,"[0,)",,Locations,
Loc,BITIV,Business Interruption (BI) Total Insured Value,R,float,NO,n/a,"[0,)",,Locations,
Loc,BIPOI,"BI period of indemnity (in days, in increments of 0.5 days). Default value = 365 (1 year).",O,float,YES,365,"[0,3650]",,Locations,
Loc,LocCurrency,Location currency,R,char(3),NO,n/a,,,Locations,Currency
Loc,LocGrossPremium,Gross premium amount at location level,O,float,YES,0,"[0,)",,Locations,GrossPremium
Loc,LocTax,Insurance tax amount at location level,O,float,YES,0,"[0,)",,Locations,Tax
Loc,LocBrokerage,Brokerage amount at location level,O,float,YES,0,"[0,)",,Locations,Brokerage
Loc,LocNetPremium,Net premium at location level,O,float,YES,0,"[0,)",,Locations,NetPremium
Loc,NonCatGroundUpLoss,Ground-Up non-cat loss value prior to the application of non-cat policy terms,O,float,YES,0,"[0,)",,Locations,
Loc,LocParticipation,Percentage of risk that the insurer covers for this location. Values between 0 to 1 (e.g. 12% enterd as 0.12). Usually used in binders or offshore.,O,float,YES,1,"[0,1]",,Locations,Participation
Loc,PayoutBasis,Pay-out basis for the claim (whether depreciation is taken into account). ACV = RCV - depreciation.,O,tinyint,YES,0,,,Locations,
Loc,ReinsTag,User defined reinsurance tag to provide a further option for specifying reinsurance scope,O,varchar(20),YES,n/a,,,Locations,
Loc,CondNumber,Condition Number to be able to link to relevant special condition (numbers only). Matches with CondNumber in Acc file.,CR,int,YES,n/a,"[1,)",,LocCond,CondID from ConditionsCondNumber
Loc,LocDedCode1Building,Location building deductible code,O,tinyint,YES,0,,,LocationFinancials,DedCode
Loc,LocDedType1Building,Location building deductible type,CR,tinyint,YES,0,,,LocationFinancials,DedType
Loc,LocDed1Building,Location building deductible,CR,float,YES,0,"[0,)",,LocationFinancials,Ded
Loc,LocMinDed1Building,Location minimum building deductible,CR,float,YES,0,"[0,)",,LocationFinancials,MinDed
Loc,LocMaxDed1Building,Location maximum building deductible,CR,float,YES,0,"[0,)",,LocationFinancials,MaxDed
Loc,LocDedCode2Other,Location other building deductible code,O,tinyint,YES,0,,,LocationFinancials,DedCode
Loc,LocDedType2Other,Location other building deductible type,CR,tinyint,YES,0,,,LocationFinancials,DedType
Loc,LocDed2Other,Location other building deductible,CR,float,YES,0,"[0,)",,LocationFinancials,Ded
Loc,LocMinDed2Other,Location minimum other building deductible,CR,float,YES,0,"[0,)",,LocationFinancials,MinDed
Loc,LocMaxDed2Other,Location maximum other building deductible,CR,float,YES,0,"[0,)",,LocationFinancials,MaxDed
Loc,LocDedCode3Contents,Location contents deductible code,O,tinyint,YES,0,,,LocationFinancials,DedCode
Loc,LocDedType3Contents,Location contents deductible type,CR,tinyint,YES,0,,,LocationFinancials,DedType
Loc,LocDed3Contents,Location contents deductible,CR,float,YES,0,"[0,)",,LocationFinancials,Ded
Loc,LocMinDed3Contents,Location minimum contents deductible,CR,float,YES,0,"[0,)",,LocationFinancials,MinDed
Loc,LocMaxDed3Contents,Location maximum contents deductible,CR,float,YES,0,"[0,)",,LocationFinancials,MaxDed
Loc,LocDedCode4BI,Location BI Deductible Code,O,tinyint,YES,0,,,LocationFinancials,DedCode
Loc,LocDedType4BI,Location BI Deductible Type,CR,tinyint,YES,0,,,LocationFinancials,DedType
Loc,LocDed4BI,Location BI deductible,CR,float,YES,0,"[0,)",,LocationFinancials,Ded
Loc,LocMinDed4BI,Location minimum bi deductible,CR,float,YES,0,"[0,)",,LocationFinancials,MinDed
Loc,LocMaxDed4BI,Location maximum bi deductible,CR,float,YES,0,"[0,)",,LocationFinancials,MaxDed
Loc,LocDedCode5PD,Location PD deductible code,O,tinyint,YES,0,,,LocationFinancials,DedCode
Loc,LocDedType5PD,Location PD deductible type,CR,tinyint,YES,0,,,LocationFinancials,DedType
Loc,LocDed5PD,Location PD deductible,CR,float,YES,0,"[0,)",,LocationFinancials,Ded
Loc,LocMinDed5PD,Location minimum PD deductible,CR,float,YES,0,"[0,)",,LocationFinancials,MinDed
Loc,LocMaxDed5PD,Location maximum PD deductible,CR,float,YES,0,"[0,)",,LocationFinancials,MaxDed
Loc,LocDedCode6All,Location blanket deductible code,O,tinyint,YES,0,,,LocationFinancials,DedCode
Loc,LocDedType6All,Location blanket deductible type,CR,tinyint,YES,0,,,LocationFinancials,DedType
Loc,LocDed6All,Location site deductible,CR,float,YES,0,"[0,)",,LocationFinancials,Ded
Loc,LocMinDed6All,Location minimum blanket deductible,CR,float,YES,0,"[0,)",,LocationFinancials,MinDed
Loc,LocMaxDed6All,Location maximum blanket deductible,CR,float,YES,0,"[0,)",,LocationFinancials,MaxDed
Loc,LocLimitCode1Building,Location building limit code,O,tinyint,YES,0,,,LocationFinancials,LimitCode
Loc,LocLimitType1Building,Location building limit type,CR,tinyint,YES,0,,,LocationFinancials,LimitType
Loc,LocLimit1Building,Location building limit,CR,float,YES,0,"[0,)",,LocationFinancials,Limit
Loc,LocLimitCode2Other,Location other building limit code,O,tinyint,YES,0,,,LocationFinancials,LimitCode
Loc,LocLimitType2Other,Location other building limit type,CR,tinyint,YES,0,,,LocationFinancials,LimitType
Loc,LocLimit2Other,Location other building limit,CR,float,YES,0,"[0,)",,LocationFinancials,Limit
Loc,LocLimitCode3Contents,Location contents limit code,O,tinyint,YES,0,,,LocationFinancials,LimitCode
Loc,LocLimitType3Contents,Location contents limit type,CR,tinyint,YES,0,,,LocationFinancials,LimitType
Loc,LocLimit3Contents,Location contents limit,CR,float,YES,0,"[0,)",,LocationFinancials,Limit
Loc,LocLimitCode4BI,Location BI limit code,O,tinyint,YES,0,,,LocationFinancials,LimitCode
Loc,LocLimitType4BI,Location BI limit type,CR,tinyint,YES,0,,,LocationFinancials,LimitType
Loc,LocLimit4BI,Location BI limit,CR,float,YES,0,"[0,)",,LocationFinancials,Limit
Loc,LocLimitCode5PD,Location PD limit code,O,tinyint,YES,0,,,LocationFinancials,LimitCode
Loc,LocLimitType5PD,Location PD limit type,CR,tinyint,YES,0,,,LocationFinancials,LimitType
Loc,LocLimit5PD,Location PD limit,CR,float,YES,0,"[0,)",,LocationFinancials,Limit
Loc,LocLimitCode6All,Location site limit code,O,tinyint,YES,0,,,LocationFinancials,LimitCode
Loc,LocLimitType6All,Location site limit type,CR,tinyint,YES,0,,,LocationFinancials,LimitType
Loc,LocLimit6All,Location site limit,CR,float,YES,0,"[0,)",,LocationFinancials,Limit
Loc,BIWaitingPeriod,BI waiting period (in days),O,smallint,YES,0,,,LocationFinancials,
Loc,LocPeril,Perils for location financial terms,CR,varchar(250),YES,n/a,,,LocationFinancials,PerilCode
Loc,YearUpgraded,Year the building was upgraded (4 digit year),O,smallint,YES,0,,1,LocationDetails,
Loc,SurgeLeakage,Storm leakage percentage (0% to 100%) for Wind only policies,O,float,YES,-999,"[-999], [0,1]",1,LocationDetails,
Loc,SprinklerType,Sprinkler type,O,tinyint,YES,0,,1,LocationDetails,
Loc,PercentSprinklered,Percent sprinklered. Values between 0 and 1 inclusive (0.5 = 50%); -999 is unknown,O,float,YES,-999,"[-999], [0,1]",1,LocationDetails,
Loc,RoofCover,Code that represents the material used to cover the roof,O,tinyint,YES,0,,1,LocationDetails,
Loc,RoofYearBuilt,Year the roof was last replaced (4 digit year),O,smallint,YES,0,,1,LocationDetails,
Loc,RoofGeometry,Code that represents the shape of the roof,O,tinyint,YES,0,,1,LocationDetails,
Loc,RoofEquipment,captures if mechanical or electric equipment is braced on the roof and the impact this modifier will have on the losses.,O,tinyint,YES,0,,1,LocationDetails,
Loc,RoofFrame,Roof framing material,O,tinyint,YES,0,,1,LocationDetails,
Loc,RoofMaintenance,Captures the impact roof maintenance has on the losses,O,tinyint,YES,0,,1,LocationDetails,
Loc,BuildingCondition,Building condition,O,tinyint,YES,0,,1,LocationDetails,
Loc,RoofAttachedStructures,"Code that identifies items mounted on the roof, such as A/C units, skylights, or dormers",O,tinyint,YES,0,,1,LocationDetails,
Loc,RoofDeck,Code that represents the materials used to construct the roof deck,O,tinyint,YES,0,,1,LocationDetails,
Loc,RoofPitch,Code that represents the slope of the roof,O,tinyint,YES,0,,1,LocationDetails,
Loc,RoofAnchorage,Code that represents the connections used to secure the roof support system to the walls,O,tinyint,YES,0,,1,LocationDetails,
Loc,RoofDeckAttachment,Code that represents the connections used to secure the roof deck to the underlying roof support system,O,tinyint,YES,0,,1,LocationDetails,
Loc,RoofCoverAttachment,Code that represents the connections used to secure the roof covering to the roof deck,O,tinyint,YES,0,,1,LocationDetails,
Loc,GlassType,Code that represents the type of glass used in the building,O,tinyint,YES,0,,1,LocationDetails,
Loc,LatticeType,Code that represents the type of web used for H-shaped steel,O,tinyint,YES,0,,1,LocationDetails,
Loc,FloodZone,Flood zone. Free text field.,O,varchar(20),YES,n/a,,1,LocationDetails,
Loc,SoftStory,Code that indicates if there is structural weakness at any floor.  First floor garages and taller first floors are likely to exhibit soft-story behaviour.,O,tinyint,YES,0,,1,LocationDetails,
Loc,Basement,Code that defines if there is a basement and if so whether it is finished or unfinished,O,tinyint,YES,0,,1,LocationDetails,
Loc,BasementLevelCount,"Indicates the number of basement levels in a structure (supports up to 5 levels; for more than 5, enter 5).",O,tinyint,YES,0,,1,LocationDetails,
Loc,WindowProtection,Code that represents the wind protection systems used on the windows,O,tinyint,YES,0,,1,LocationDetails,
Loc,FoundationType,Code that represents the construction type of the building's foundation,O,tinyint,YES,0,,1,LocationDetails,
Loc,WallAttachedStructure," 
Code that represents a structure that is physically attached to the building, such as garage or balcony",O,tinyint,YES,0,,1,LocationDetails,
Loc,AppurtenantStructure," 
Code for the appurtenant building, such as shed or detached garage",O,tinyint,YES,0,,1,LocationDetails,
Loc,ConstructionQuality,Construction quality,O,tinyint,YES,0,,1,LocationDetails,
Loc,GroundEquipment,Captures whether mechanical or electrical equipment are present on the ground level of a building and impact it has on losses,O,tinyint,YES,0,,1,LocationDetails,
Loc,EquipmentBracing,Identifies where mechanical or electrical equipment is held in place by bracing,O,tinyint,YES,0,,1,LocationDetails,
Loc,Flashing,Refers to the impact the quality of the flashing or coping on a roof has on losses,O,tinyint,YES,0,,1,LocationDetails,
Loc,BuildingShape,Code that represents the shape of the building,O,tinyint,YES,0,,1,LocationDetails,
Loc,ShapeIrregularity,"Identifies vertical irregularities, overhangs and setbacks in the building design",O,tinyint,YES,0,,1,LocationDetails,
Loc,Pounding,"Code that represents the distance to the closest structure, which if not adequate, can cause the two structures to collide during earthquake shaking",O,tinyint,YES,0,,1,LocationDetails,
Loc,Ornamentation,Code that represents the amount of decorative elements attached to the exterior of a building,O,tinyint,YES,0,,1,LocationDetails,
Loc,SpecialEQConstruction,Presence of a seismic base isolation system,O,tinyint,YES,0,,1,LocationDetails,
Loc,Retrofit,Presence of retro fit connectivity between walls and floor for retro fit buildings,O,tinyint,YES,0,,1,LocationDetails,
Loc,CrippleWall,Presence of cripple walls on the first floor or frame buildings,O,tinyint,YES,0,,1,LocationDetails,
Loc,FoundationConnection,Connection of frame to foundation with or without bolts,O,tinyint,YES,0,,1,LocationDetails,
Loc,ShortColumn,Code that indicates if there are short columns in the building,O,tinyint,YES,0,,1,LocationDetails,
Loc,Fatigue,Captures signs of damage from prior earthquakes,O,tinyint,YES,0,,1,LocationDetails,
Loc,Cladding,The presence and material of exterior building cladding,O,tinyint,YES,0,,1,LocationDetails,
Loc,BIPreparedness,BI preparedness,O,tinyint,YES,0,,1,LocationDetails,
Loc,BIRedundancy,BI redundancy,O,tinyint,YES,0,,1,LocationDetails,
Loc,FirstFloorHeight,Height of the lowest floor (above ground) of the building with respect to local ground elevation (NOT relative to datum). First floor in the US is identical to ground floor in Europe.,O,float,YES,-999,"[-999], [0,1]",1,LocationDetails,
Loc,FirstFloorHeightUnit,Code for the unit of measure used to express FirstFloorHeight,O,tinyint,YES,1,,1,LocationDetails,
Loc,Datum,Datum reference for the elevation fields (e.g. NAVD88; WGS84),O,varchar(20),YES,n/a,,1,LocationDetails,
Loc,GroundElevation,Flood or Windstorm - Elevation of the local ground surface at the building at this location. This field represents the elevation of the grade (local ground surface) with respect to the datum (e.g. NAVD88).,O,float,YES,-999,"[-999], [0,1]",1,LocationDetails,
Loc,GroundElevationUnit,Code for the unit of measure used to express the GroundElevation,O,tinyint,YES,1,,1,LocationDetails,
Loc,Tank,Code that indicates if there are rooftop tanks on the adjoining higher buildings,O,tinyint,YES,0,,1,LocationDetails,
Loc,Redundancy,"Indicates whether there are multiple lateral load resisting elements, such as frames or shear walls",O,tinyint,YES,0,,1,LocationDetails,
Loc,InternalPartition,Interior wall partitions or chimneys made from URM,O,tinyint,YES,0,,1,LocationDetails,
Loc,ExternalDoors,"Wind resistant doors, doors with a certain rating of hurricane protection",O,tinyint,YES,0,,1,LocationDetails,
Loc,Torsion,Code that represents the layout of structural elements that can lead to torsional loads,O,tinyint,YES,0,,1,LocationDetails,
Loc,MechanicalEquipmentSide,Mechanical or electrical equipment at the side,O,tinyint,YES,0,,1,LocationDetails,
Loc,ContentsWindVuln,Contents relative vulnerability to windstorm or tornado,O,tinyint,YES,0,,1,LocationDetails,
Loc,ContentsFloodVuln,Contents relative vulnerability to flood,O,tinyint,YES,0,,1,LocationDetails,
Loc,ContentsQuakeVuln,Contents relative vulnerability to earthquake,O,tinyint,YES,0,,1,LocationDetails,
Loc,SmallDebris,Code that identifies whether small debris are present within 200 meters of the structure,O,tinyint,YES,0,,1,LocationDetails,
Loc,FloorsOccupied,"Number of floors in the building that are occupied (separated by semi-colons). Each floor occupied is separated by a semi-colon. Ranges are not accepted. 0 = ground floor, -1 = first level of basement, -2 = second level of basement; 1 = first floor, 2 = second floor, etc.",O,varchar(255),YES,n/a,,1,LocationDetails,
Loc,FloodDefenseHeight,Height of any site specific flood defenses protecting the property with respect to local ground elevation (NOT to datum).,O,float,YES,-999,"[-999], [0,1]",1,LocationDetails,
Loc,FloodDefenseHeightUnit,Code for the unit of measure used to express the FloodDefenseHeight,O,tinyint,YES,1,,1,LocationDetails,
Loc,FloodDebrisResilience,Shows if building is vulnerable to floating debris,O,tinyint,YES,0,,1,LocationDetails,
Loc,BaseFloodElevation,Water surface elevation (relative to datum - this is NOT a flood depth) corresponding to a flood having a 1% probability of being equaled or exceeded in a given year. A value of -999 for this field represents unknown/default.,O,float,YES,-999,"[-999], [0,1]",1,LocationDetails,
Loc,BaseFloodElevationUnit,Code for the unit of measure used to express the BaseFloodElevation,O,tinyint,YES,1,,1,LocationDetails,
Loc,BuildingHeight,Total height of the structure,O,float,YES,-999,"[-999], [0,1]",1,LocationDetails,
Loc,BuildingHeightUnit,Units of the BuildingHeight,O,tinyint,YES,1,,1,LocationDetails,
Loc,BuildingValuation,Field for third party valuation data,O,varchar(20),YES,n/a,,1,LocationDetails,
Loc,TreeExposure,Secondary modifier coding density of trees adjacent to structure,O,tinyint,YES,0,,1,LocationDetails,
Loc,Chimney,"Code that indicates if the structure has a chimney and, if so, the height of the chimney",O,tinyint,YES,0,,1,LocationDetails,
Loc,BuildingType,"Building type (e.g. detached, terraced, etc)",O,tinyint,YES,0,,1,LocationDetails,
Loc,Packaging,Describes the susceptibility of the packaging of a risk to the peril,O,tinyint,YES,0,,1,LocationDetails,
Loc,Protection,Describes the level of protection from the specific peril,O,tinyint,YES,0,,1,LocationDetails,
Loc,SalvageProtection,The salvage potential of a particular product,O,tinyint,YES,0,,1,LocationDetails,
Loc,ValuablesStorage,Where the specie element is stored,O,tinyint,YES,0,,1,LocationDetails,
Loc,DaysHeld,Number of days cargo is kept at port or the duration of an exhibition. Values between 0 to 1825 (up to 5 years). Default = 365.,O,smallint,YES,"0,1825","[0,1825]",1,LocationDetails,
Loc,BrickVeneer,Code that represents the percentage of external walls that consist of brick veneer.,O,tinyint,YES,0,,1,LocationDetails,
Loc,FEMACompliance,Indicates whether the building is in compliance with the FEMA flood zone requirements in both design and construction,O,tinyint,YES,0,,1,LocationDetails,
Loc,CustomFloodSOP,"Standard of flood protection return period; values from 0-10,000",O,tinyint,YES,0,,1,LocationDetails,
Loc,CustomFloodZone,User-defined flood zone,O,varchar(20),YES,n/a,,1,LocationDetails,
Loc,MultiStoryHall,Code that indicates if the building has a multi-story hall,O,tinyint,YES,0,,1,LocationDetails,
Loc,BuildingExteriorOpening,Code that represents the percentage of exterior walls that are open (i.e. have windows or doors),O,tinyint,YES,0,,1,LocationDetails,
Loc,ServiceEquipmentProtection,Code that indicates whether the service equipment is protected from flood,O,tinyint,YES,0,,1,LocationDetails,
Loc,TallOneStory,"The height of the taller than usual one-story building (e.g. gymnasium, auditorium, church, etc.)",O,tinyint,YES,0,,1,LocationDetails,
Loc,TerrainRoughness,Terrain conditions around the building.,O,tinyint,YES,0,,1,LocationDetails,
Loc,NumberOfEmployees,Number of employees,O,int,YES,n/a,"[1,)",,WorkersComp,
Loc,Payroll,Total payroll,O,int,YES,n/a,"[1,)",,WorkersComp,
ReinsInfo,ReinsNumber,Reinsurance number,R,int,NO,n/a,"[1,)",,ReinsuranceInfo,
ReinsInfo,ReinsName,Reinsurance name,O,varchar(30),YES,n/a,,,ReinsuranceInfo,
ReinsInfo,ReinsLayerNumber,Reinsurance layer for information / ordering purposes,O,int,YES,n/a,"[1,)",,ReinsuranceInfo,
ReinsInfo,ReinsPeril,Perils for reinsurance financial terms,R,varchar(250),NO,n/a,,,ReinsuranceInfo,PerilCode
ReinsInfo,ReinsInceptionDate,Reinsurance inception date - in ISO 8601 format: YYYY-MM-DD,O,smalldatetime,YES,n/a,,,ReinsuranceInfo,
ReinsInfo,ReinsExpiryDate,Reinsurance expiry date - in ISO 8601 format: YYYY-MM-DD,O,smalldatetime,YES,n/a,,,ReinsuranceInfo,
ReinsInfo,CededPercent,Reinsurance ceded percentage. Used mainly in surplus treaties. Applies before other reinsurance terms. Values between 0 to 1 (e.g. 12% entered as 0.12),O,float,YES,1,"[0,1]",,ReinsuranceInfo,
ReinsInfo,RiskLimit,Reinsurance per-risk limit,O,float,YES,0,"[0,)",,ReinsuranceInfo,
ReinsInfo,RiskAttachment,Reinsurance per-risk attachment point,O,float,YES,0,"[0,)",,ReinsuranceInfo,
ReinsInfo,OccLimit,Reinsurance occurrence limit,O,float,YES,0,"[0,)",,ReinsuranceInfo,
ReinsInfo,OccAttachment,Reinsurance per occurrence attachment,O,float,YES,0,"[0,)",,ReinsuranceInfo,
ReinsInfo,OccFranchiseDed,Reinsurance franchise deductible,O,float,YES,0,"[0,)",,ReinsuranceInfo,
ReinsInfo,OccReverseFranchise,"Reinsurance reverse franchise - a value of loss that, if exceeded, results in no payment being made for this event from the reinsurer to insurer.",O,float,YES,0,"[0,)",,ReinsuranceInfo,
ReinsInfo,AggLimit,Maximum amount payable under this treaty during the AggPeriod,O,float,YES,0,"[0,)",,ReinsuranceInfo,
ReinsInfo,AggAttachment,The aggregate monetary amount during a given AggPeriod that the resinured retains under this treaty,O,float,YES,0,"[0,)",,ReinsuranceInfo,
ReinsInfo,AggPeriod,Aggregate period associated with the aggregate limits and attachments (in days). Default value = 365 (1 year),O,float,YES,365,"[0,3650]",,ReinsuranceInfo,
ReinsInfo,PlacedPercent,Percentage of the limit that has been placed in the reinsurance market. The main percentage used for reinsurance treaties other than surplus. Applies after other reinsurance terms. Values between 0 to 1 (e.g. 12% entered as 0.12),R,float,NO,n/a,"[0,1]",,ReinsuranceInfo,
ReinsInfo,ReinsCurrency,Reinsurance currency,R,char(3),NO,n/a,,,ReinsuranceInfo,Currency
ReinsInfo,InuringPriority,Reinsurance inuring priority capturing the order in which reinsurance contracts apply. Treaties with lower number inuring priorities apply first.,R,tinyint,NO,n/a,,,ReinsuranceInfo,
ReinsInfo,ReinsType,Type of reinsurance contract,R,varchar(3),NO,n/a,,,ReinsuranceInfo,
ReinsInfo,AttachmentBasis,Reinsurance attachment basis,O,char(2),YES,('LO'),,,ReinsuranceInfo,
ReinsInfo,Reinstatement,Number of reinstatements,O,tinyint,YES,n/a,,,ReinsuranceInfo,
ReinsInfo,ReinstatementCharge,"Reinstatement charge as %; semi-colon separated if different for each reinstatement (e.g. 1-free, 2-50%, 3-100% should be entered as: 0;0.5;1). If all reinstatements are the same, then just one number is sufficient (e.g. 3 reinstatements at 100% should be entered as 1)",O,varchar(50),YES,n/a,,,ReinsuranceInfo,
ReinsInfo,ReinsPremium,Reinsurance premium,O,float,YES,0,"[0,)",,ReinsuranceInfo,
ReinsInfo,DeemedPercentPlaced,"Deemed percent placed, used to represent notional contracts or any part of the contract being notional. For fully notional contracts, enter 1 (i.e. 100%). For partially placed contracts, enter any value between 0 and 1. For real contracts, enter 0.",O,float,YES,0,"[0,1]",,ReinsuranceInfo,
ReinsInfo,ReinsFXrate,Reinsurance exchange rate (as the contractual reinsurance rate can be different from the actual exchange rates used for policies and locations),O,float,YES,1,"[0,)",,ReinsuranceInfo,
ReinsInfo,TreatyShare,The percentage of a treaty that a given reinsurer may write. Values between 0 to 1 (e.g. 12% entered as 0.12).,O,float,YES,1,"[0,1]",,ReinsuranceInfo,
ReinsInfo,UseReinsDates,A flag to indicate if reinsurance contract dates or  policy inception / expiry dates are to be considered when calculating losses (Y) or ignored (N).,O,char(1),YES,N,,,ReinsuranceInfo,
ReinsScope,ReinsNumber,Reinsurance number to link with ReinsInfo file,R,int,NO,n/a,"[1,)",,ReinsuranceScope,
ReinsScope,PortNumber,Portfolio number: used for defining treaty scope in the reinsurance scope file,CR,varchar(20),YES,n/a,,,ReinsuranceScope,
ReinsScope,AccNumber,Account number:  used for defining treaty scope in the reinsurance scope file,CR,nvarchar(40),YES,n/a,,,ReinsuranceScope,
ReinsScope,PolNumber,Policy number:  used for defining treaty scope in the reinsurance scope file,CR,varchar(20),YES,n/a,,,ReinsuranceScope,
ReinsScope,LocGroup,Location group name:  used for defining treaty scope in the reinsurance scope file,CR,nvarchar(20),YES,n/a,,,ReinsLoc; ReinsuranceScope,
ReinsScope,LocNumber,Location number:  used for defining treaty scope in the reinsurance scope file,CR,nvarchar(20),YES,n/a,,,ReinsuranceScope,
ReinsScope,CedantName,Cedant name:  used for defining treaty scope in the reinsurance scope file,CR,varchar(40),YES,n/a,,,ReinsuranceScope,
ReinsScope,ProducerName,Producer name:  used for defining treaty scope in the reinsurance scope file,CR,varchar(40),YES,n/a,,,ReinsuranceScope,
ReinsScope,LOB,Line of business:  used for defining treaty scope in the reinsurance scope file,CR,varchar(20),YES,n/a,,,ReinsuranceScope,
ReinsScope,CountryCode,Country code: used for defining treaty scope in the reinsurance scope file,O,char(2),YES,n/a,,,ReinsuranceScope,
ReinsScope,ReinsTag,Reinsurance tag: user defined field to for defining treaty scope in the reinsurance scope file,CR,varchar(20),YES,n/a,,,ReinsuranceScope,
ReinsScope,CededPercent,"Ceded percentage (for 12%, enter 0.12). Within the reinsurance scope file, CededPercent should only be entered for surplus share treaties.",CR,float,YES,1,"[0,1]",,ReinsAcc; ReinsPol; ReinsLoc; ReinsuranceScope,
ReinsScope,RiskLevel,Code to indicate the definition of 'risk' for the per-risk terms in this particular treaty (or portion of the treaty),R,char(3),YES,n/a,,,ReinsLoc; ReinsuranceScope,